MatchNumber,Date,HomeTeam,AwayTeam,HomeLineup,AwayLineup
1,2024-08-15,Athletic,Getafe,"alex padilla, yuri berchiche, aitor paredes, yeray alvarez, andoni gorosabel, mikel vesga, beñat prados, alex berenguer, oihan sancet, iñaki williams, gorka guruzeta","david soria, juan iglesias, djene, omar alderete, diego rico, nabil aberdin, carles perez, luis milla, mauro arambarri, alex sola, christantus uche"
2,2024-08-15,Real Betis,Girona,"rui silva, romain perraud, diego llorente, marc bartra, yossouf sabaly, marc roca, william carvalho, juanmi, nabil fekir, pablo fornals, aitor ruibal","paulo gazzaniga, arnau martinez, david lopez, daley blind, miguel gutierrez, yangel herrera, oriol romeu, ivan martin, bryan gil, abel ruiz, portu"
3,2024-08-16,Celta,Alavés,"ivan villar, carlos dominguez, carl starfelt, javier manquillo, oscar mingueza, fran beltran, damian rodriguez, hugo alvarez, jonathan bamba, iago aspas, anastasios douvikas","antonio sivera, carlos vicente, abdel abqar, nahuel tenaglia, moussa diarra, ander guevara, antonio blanco, luka romero, jon guridi, tomas conechny, kike garcia"
4,2024-08-16,Las Palmas,Sevilla,"jasper cillessen, alex muñoz, mika marmol, alex suarez, marvin park, kirian rodriguez, enzo loiodice, alberto moleiro, javi muñoz, jaime mata, oliver mcburnie","orjan nyland, jose angel carmona, tanguy nianzou, nemanja gudelj, adria pedrosa, lucien agoume, djibril sow, lucas ocampos, juanlu sanchez, dodi lukebakio, isaac romero"
5,2024-08-17,Osasuna,Leganés,"sergio herrera, abel bretones, jorge herrando, alejandro catena, jesus areso, moi gomez, lucas torro, iker muñoz, aimar oroz, ante budimir, ruben garcia","juan soriano, valentin rosier, aritz arambarri, sergio gonzalez, javier hernandez, darko brasanac, yvan neyou, juan cruz, seydouba cisse, enric franquesa, miguel de la fuente"
6,2024-08-17,Valencia,Barcelona,"giorgi mamardashvili, jesus vazquez, yarek gasiorowski, cristhian mosquera, thierry correia, diego lopez, javi guerra, pepelu, rafa mir, hugo duro, andre almeida","marc-andre ter stegen, jules kounde, iñigo martinez, alejandro balde, marc bernal, marc casado, lamine yamal, raphinha, ferran torres, robert lewandowski"
7,2024-08-18,R. Sociedad,Rayo Vallecano,"alex remiro, javi lopez, jon pacheco, aritz elustondo, hamari traore, beñat turrientes, urko gonzalez, brais mendez, sheraldo becker, mikel oyarzabal, takefusa kubo","dani cardenas, andrei ratiu, florian lejeune, abdul mumin, alfonso espino, jorge de frutos, unai lopez, oscar valentin, adrian embarba, randy nteka, isi palazon"
8,2024-08-18,Mallorca,Real Madrid,"dominik greif, johan mojica, antonio raillo, martin valjent, pablo maffeo, samu costa, omar mascarell, sergi darder, dani rodriguez, vedat muriqi, takuma asano","thibaut courtois, daniel carvajal, eder militao, antonio rudiger, ferland mendy, federico valverde, aurelien tchouameni, jude bellingham, rodrygo, kylian mbappe, vinicius junior"
9,2024-08-19,Real Valladolid,Espanyol,"karl hein, lucas rosa, enzo boyomo, javi sanchez, luis perez, raul moro, selim amallah, eray comert, kike perez, amath ndiaye, mamadou sylla","joan garcia, alvaro tejero, omar el hilali, sergi gomez, leandro cabrera, carlos romero, pere milla, jose gragera, pol lozano, alejo veliz, javi puado"
10,2024-08-19,Villarreal,Atlético,"diego conde, sergi cardona, eric bailly, raul albiol, kiko femenia, alex baena, santi comesaña, dani parejo, yeremy pino, arnaut danjuma, gerard moreno","jan oblak, cesaz azpilicueta, axel witsel, robin le normand, marcos llorente, pablo barrios, koke, reinildo mandava, antoine griezmann, samuel lino, alexander sorloth"
11,2024-08-23,Celta,Valencia,"ivan villar, carlos dominguez, jailson, javi rodriguez, oscar mingueza, fran beltran, damian rodriguez, hugo alvarez, williot swedberg, anastasios douvikas, iago aspas","giorgi mamardashvili, thierry correia, cristhian mosquera, yarek gasiorowski, jesus vazquez, rafa mir, pepelu, javi guerra, diego lopez, andre almeida, hugo duro"
12,2024-08-23,Sevilla,Villarreal,"orjan nyland, adria pedrosa, kike salas, loic bade, jose angel carmona, saul ñiguez, lucien agoume, juanlu sanchez, lucas ocampos, isaac romero, dodi lukebakio","diego conde, kiko femenia, willy kambwala, eric bailly, sergi cardona, ilias akhomach, santi comesaña, pape gueye, alex baena, nicolas pepe, arnaut danjuma"
13,2024-08-24,Osasuna,Mallorca,"sergio herrera, abel bretones, jorge herrando, alejandro catena, jesus areso, lucas torro, bryan zaragoza, aimar oroz, jon moncayola, ruben garcia, ante budimir","dominik greif, pablo maffeo, martin valjent, antonio raillo, johan mojica, samu costa, omar mascarell, sergi darder, takuma asano, vedat muriqi, dani rodriguez"
14,2024-08-24,Barcelona,Athletic,"marc-andre ter stegen, alejandro balde, iñigo martinez, pau cubarsi, jules kounde, pedri, marc bernal, ferran torres, raphinha, lamine yamal, robert lewandowski","alex padilla, iñigo lekue, dani vivian, yeray alvarez, yuri berchiche, beñat prados, mikel vesga, alex berenguer, oihan sancet, nico williams, iñaki williams"
15,2024-08-24,Espanyol,R. Sociedad,"joan garcia, carlos romero, leandro cabrera, marash kumbulla, omar el hilali, irvin cardona, jose gragera, alex kral, jofre carreras, javi puado, alejo veliz","alex remiro, hamari traore, aritz elustondo, jon pacheco, javi lopez, martin zubimendi, sergio gomez, brais mendez, beñat turrientes, sheraldo becker, mikel oyarzabal"
16,2024-08-24,Getafe,Rayo Vallecano,"david soria, diego rico, omar alderete, djene, juan iglesias, nabil aberdin, luis milla, alex sola, carles aleña, carles perez, christantus uche","dani cardenas, ivan balliu, florian lejeune, abdul mumin, alfonso espino, oscar valentin, pathe ciss, jorge de frutos, oscar trejo, adrian embarba, randy nteka"
17,2024-08-25,Real Madrid,Real Valladolid,"thibaut courtois, fran garcia, antonio rudiger, eder militao, daniel carvajal, aruelien tchouameni, federico valverde, vinicius junior, arda guler, rodrygo, kylian mbappe","karl hein, luis perez, eray comert, enzo boyomo, lucas rosa, stanko juric, ivan sanchez, kike perez, victor messeguer, darwin machis, marcos andre"
18,2024-08-25,Leganés,Las Palmas,"juan soriano, javier hernandez, sergio gonzalez, artiz arambarri, valentin rosier, yvan neyou, seydouba cisse, oscar rodriguez, dani raba, darko brasanac, miguel de la fuente","jasper cillessen, alex suarez, scott mckenna, mika marmol, alex muñoz, javi muñoz, kirian rodriguez, marvin park, alberto moleiro, sandro ramirez, oliver mcburnie"
19,2024-08-25,Alavés,Real Betis,"antonio sivera, manu sanchez, alexsandar sedlar, abdel abqar, nahuel tenaglia, tomas conechny, ander guevara, antonio blanco, carlos vicente, kike garcia, stoichkov","rui silva, youssouf sabaly, marc bartra, diego llorente, ricardo rodriguez, william carvalho, marc roca, pablo fornals, nabil fekir, juanmi, aitor ruibal"
20,2024-08-25,Atlético,Girona,"jan oblak, rodrigo riquelme, cesar azpilicueta, jose maria gimenez, robin le normand, marcos llorente, samuel lino, pablo barrios, rodrigo de paul, julian alvarez, antoine griezmann","paulo gazzaniga, arnau martinez, david lopez, daley blind, miguel gutierrez, ivan martin, oriol romeu, yangel herrera, viktor tsygankov, abel ruiz, bryan gil"
21,2024-08-26,Villarreal,Celta,"diego conde, sergi cardona, eric bailly, raul albiol, kiko femenia, alex baena, dani parejo, santi comesaña, yeremy pino, arnaut danjuma, gerard moreno","ivan villar, jailson, carl starfelt, javier manquillo, oscar mingueza, damian rodriguez, ilaix moriba, sergio carreira, alfon gonzalez, borja iglesias, jonathan bamba"
22,2024-08-27,Mallorca,Sevilla,"leo roman, johan mojica, antonio raillo, martin valjent, pablo maffeo, sergi darder, manu morlanes, samu costa, cyle larin, vedat muriqi, antonio sanchez","orjan nyland, jose angel carmona, loic bade, nemanja gudelj, adria pedrosa, djibril sow, albert sambi lokonga, saul ñiguez, dodi lukebakio, kelechi iheanacho, chidera ejuke"
23,2024-08-27,Rayo Vallecano,Barcelona,"dani cardenas, alfonso espino, abdul mumin, florian lejeune, ivan balliu, alvaro garcia, oscar valentin, unai lopez, jorge de frutos, isi palazon, sergio camello","marc-andre ter stegen, jules kounde, pau cubarsi, iñigo martinez, gerard martin, marc bernal, pedri, lamine yamal, raphinha, ferran torres, robert lewandowski"
24,2024-08-28,Athletic,Valencia,"julen agirrezabala, adama boiro, yeray alvarez, dani vivian, oscar de marcos, beñat prados, mikel jauregizar, alvaro djalo, oihan sancet, iñaki williams, gorka guruzeta","giorgi mamardashvili, dimitri foulquier, cesar tarrega, cristhian mosquera, jesus vazquez, diego lopez, pepelu, hugo guillamon, luis rioja, hugo duro, rafa mir"
25,2024-08-28,Real Valladolid,Leganés,"karl hein, lucas rosa, enzo boyomo, javi sanchez, luis perez, selim amallah, stanko juric, kike perez, raul moro, mamadou sylla, amath ndiaye","juan soriano, valentin rosier, jorge saenz, sergio gonzalez, javier hernandez, yvan neyou, seydouba cisse, juan cruz, julian chicco, enric franquesa, miguel de la fuente"
26,2024-08-28,Atlético,Espanyol,"jan oblak, rodrigo riquelme, cesar azpilicueta, axel witsel, robin le normand, nahuel molina, samuel lino, koke, rodrigo de paul, alexander sorloth, julian alvarez","joan garcia, alvaro tejero, omar el hilali, fernando calero, marash kumbulla, carlos romero, alex kral, jose gragera, alvaro aguado, alejo veliz, javi puado"
27,2024-08-28,R. Sociedad,Alavés,"alex remiro, javi lopez, jon pacheco, igor zubeldia, hamari traore, sergio gomez, brais mendez, martin zubimendi, takefusa kubo, mikel oyarzabal, sheraldo becker","antonio sivera, hugo novoa, abdel abqar, adrian pica, moussa diarra, ander guevara, carlos protesoni, carlos vicente, jon guridi, abde rebbach, asier villalibre"
28,2024-08-29,Girona,Osasuna,"paulo gazzaniga, miguel gutierrez, daley blind, david lopez, alejandro frances, bryan gil, ivan martin, yangel herrera, viktor tsygankov, bojan miovski, abel ruiz","sergio herrera, nacho vidal, alejandro catena, jorge herrando, juan cruz, lucas torro, moi gomez, jon moncayola, aimar oroz, bryan zaragoza, ante budimir"
29,2024-08-29,Las Palmas,Real Madrid,"jasper cillessen, mika marmol, scott mckenna, alex suarez, marvin park, jose campaña, alberto moleiro, kirian rodriguez, javi muñoz, sandro ramirez, oliver mcburnie","thibaut courtois, lucas vazquez, eder militao, antonio rudiger, ferland mendy, federico valverde, aurelien tchouameni, brahim diaz, luka modric, vinicius junior, kylian mbappe"
30,2024-09-18,Real Betis,Getafe,"rui silva, romain perraud, natan, diego llorente, hector bellerin, marc roca, sergi altimira, abde ezzalzouli, giovanni lo celso, pablo fornals, vitor roque","david soria, juan iglesias, djene, omar alderete, diego rico, luis milla, christantus uche, alex sola, carles aleña, peter federico, bertug yildirim"
31,2024-08-31,Barcelona,Real Valladolid,"marc-andre ter stegen, alejandro balde, iñigo martinez, pau cubarsi, jules kounde, pedri, marc casado, dani olmo, raphinha, robert lewandowski, lamine yamal","karl hein, luis perez, eray comert, javi sanchez, lucas rosa, stanko juric, ivan sanchez, selim amallah, raul moro, marcos andre, kike perez"
32,2024-08-31,Athletic,Atlético,"julen agirrezabala, yuri berchiche, yeray alvarez, dani vivian, iñigo lekue, beñat prados, ander herrera, nico williams, oihan sancet, iñaki williams, gorka guruzeta","juan musso, robin le normand, jose maria gimenez, reinildo mandava, marcos llorente, pablo barrios, koke, samuel lino, antoine griezmann, conor gallagher, julian alvarez"
33,2024-08-31,Espanyol,Rayo Vallecano,"joan garcia, brian olivan, marash kumbulla, fernando calero, omar el hilali, carlos romero, jose gragera, alex kral, jofre carreras, alejo veliz, javi puado","dani cardenas, andrei ratiu, florian lejeune, abdul mumin, alfonso espino, jorge de frutos, oscar valentin, unai lopez, alvaro garcia, adrian embarba, sergio camello"
34,2024-08-31,Leganés,Mallorca,"juan soriano, javier hernandez, sergio gonzalez, jorge saenz, adria altimira, darko brasanac, renato tapia, munir el haddadi, oscar rodriguez, dani raba, diego garcia","dominik greif, pablo maffeo, martin valjent, antonio raillo, toni lato, manu morlanes, samu costa, takuma asano, dani rodriguez, marc domenech, vedat muriqi"
35,2024-08-31,Valencia,Villarreal,"giorgi mamardashvili, jesus vazquez, cristhian mosquera, cesar tarrega, thierry correia, luis rioja, pepelu, hugo guillamon, diego lopez, hugo duro, andre almeida","diego conde, kiko femenia, raul albiol, logan costa, sergi cardona, yeremy pino, dani parejo, pape gueye, santi comesaña, thierno barry, ayoze perez"
36,2024-09-01,Alavés,Las Palmas,"antonio sivera, manu sanchez, alekansdar sedlar, abdel abqar, nahuel tenaglia, tomas conechny, antonoi blanco, jon guridi, carlos vicente, kike garcia, stoichkov","jasper cillessen, viti rozada, alex suarez, scott mckenna, mika marmol, jaime mata, javi muñoz, jose campaña, kirian rodriguez, manu fuster, oliver mcburnie"
37,2024-09-01,Osasuna,Celta,"sergio herrera, abel bretones, enzo boyomo, alejandro catena, jesus areso, lucas torro, bryan zaragoza, aimar oroz, jon moncayola, ruben garcia, ante budimir","ivan villar, javi rodriguez, jailson, carlos domingueza, oscar mingueza, fran beltran, ilaix moriba, hugo alvarez, iago aspas, borja iglesias, williot swedberg"
38,2024-09-01,Sevilla,Girona,"orjan nyland, valentin barco, marcao, loic bade, jose angel carmona, albert sambi lokonga, lucien agoume, chidera ejuke, juanlu sanchez, dodi lukebakio, isaac romero","paulo gazzaniga, alejandro frances, david lopez, daley blind, miguel gutierrez, ivan martin, oriol romeu, yangel herrera, viktor tsygankov, abel ruiz, bryan gil"
39,2024-09-01,Getafe,R. Sociedad,"david soria, diego rico, omar alderete, djene, juan iglesias, nabil aberdin, luis milla, alex sola, christantus uche, carles perez, bertug yildirim","alex remiro, hamari traore, igor zubeldia, jon pacheco, jon aramburu, takefusa kubo, martin zubimendi, beñat turrientes, sergio gomez, brais mendez, umar sadiq"
40,2024-09-01,Real Madrid,Real Betis,"thibaut courtois, ferland mendy, antonio rudiger, eder militao, daniel carvajal, dani ceballos, aurelien tchouameni, federico valverde, vinicius junior, kylian mbappe, rodrygo","rui silva, youssouf sabaly, diego llorente, natan, romain perraud, marc roca, william carvalho, rodri sanchez, pablo fornals, abde ezzalzouli, aitor ruibal"
41,2024-09-13,Real Betis,Leganés,"rui silva, romain perraud, natan, diego llorente, youssouf sabaly, william carvalho, marc roca, abde ezzalzouli, pablo fornals, chimy avila, assane diao","juan soriano, valentin rosier, jorge saenz, sergio gonzalez, javier hernandez, darko brasanac, yvan neyou, juan cruz, oscar rodriguez, enric franquesa, sebastien haller"
42,2024-09-14,Mallorca,Villarreal,"dominik greif, toni lato, antonio raillo, martin valjent, antonio sanchez, samu costa, manu morlanes, marc domenech, dani rodriguez, takuma asano, vedat muriqi","diego conde, kiko femenia, raul albiol, logan costa, sergi cardona, ilias akhomach, santi comesaña, dani parejo, alex baena, ayoze perez, thiero barry"
43,2024-09-14,Espanyol,Alavés,"joan garcia, carlos romero, leandro cabrera, marash kumbulla, omar el hilali, jofre carreras, alvaro aguado, alex kral, alvaro tejero, alejo veliz, javi puado","antonio sivera, nahuel tenaglia, abdel abqar, aleksandar sedlar, manu sanchez, jon gruridi, antonio blanco, carlos vicente, stoichkov, tomas conechny, kike garcia"
44,2024-09-14,Sevilla,Getafe,"orjan nyland, marcao, tanguy nianzou, jose angel carmona, adria pedrosa, djibril sow, nemanja gudelj, jesus navas, chidera ejuke, isaac romero, peque fernandez","david soria, juan iglesias, djene, juan berrocal, diego rico, carles perez, mauro arambarri, luis milla, alex sola, christantus uche, bertug yildirim"
45,2024-09-14,R. Sociedad,Real Madrid,"alex remiro, javi lopez, nayef aguerd, igor zubeldia, jon aramburu, sheraldo becker, sergio gomez, martin zubimendi, luka sucic, takefusa kubo, umar sadiq","thibaut courtois, daniel carvajal, eder militao, antonio rudiger, ferland mendy, federico valverde, luka modric, brahim diaz, arda guler, vinicius junior, kylian mbappe"
46,2024-09-15,Celta,Real Valladolid,"vicente guaita, jailson, carl starfelt, javi rodriguez, hugo alvarez, fran beltran, hugo sotelo, oscar mingueza, pablo duran, borja iglesias, iago aspas","karl hein, luis perez, eray comert, cenk ozkacar, lucas rosa, amath ndiaye, kike perez, mario martin, selim amallah, chuki, juanmi latasa"
47,2024-09-15,Girona,Barcelona,"paulo gazzaniga, miguel gutierez, daley blind, david lopez, alejandro frances, jon solis, ivan martin, arnaut danjuma, viktor tsygankov, bryan gil, abel ruiz","marc-andre ter stegen, jules kounde, pau cubarsi, iñigo martinez, alejandro balde, marc casado, pedri, lamine yamal, dani olmo, raphinha, robert lewandowski"
48,2024-09-15,Las Palmas,Athletic,"jasper cillessen, mika marmol, scott mckenna, alex suarez, marvin park, alberto moleiro, kirian rodriguez, jose campaña, javi muñoz, sandro ramirez, oliver mcburnie","julen agirrezabala, oscar de marcos, dani vivian, aitor paredes, yuri berchiche, mikel jauregizar, iñigo ruiz de galarreta, iñaki williams, oihan sancet, nico williams, gorka guruzeta"
49,2024-09-15,Atlético,Valencia,"jan oblak, samuel lino, cesar azpilicueta, jose maria gimenez, robin le normand, marcos llorente, conor gallagher, koke, rodrigo de paul, alexander sorloth, antoine griezmann","giorgi mamardashvili, dimitri foulquier, cesar tarrega, cristhian mosquera, thierry correia, diego lopez, hugo guillamon, pepelu, luis rioja, javi guerra, dani gomez"
50,2024-09-16,Rayo Vallecano,Osasuna,"augusto batalla, josep chavarria, abdul mumin, florian lejeune, andrei ratiu, gerard gumbau, oscar valentin, alvaro garcia, oscar trejo, adrian embarba, sergio camello","sergio herrera, jesus areso, alejandro catena, enzo boyomo, abel bretones, jon moncayola, lucas torro, aimar oroz, ruben garcia, raul garcia, bryan zaragoza"
51,2024-09-20,Alavés,Sevilla,"antonio sivera, manu sanchez, aleksandar sedlar, abdel abqar, nahuel tenaglia, ander guevara, joan jordan, carlos martin, stoichkov, carlos vicente, toni martinez","orjan nyland, jose angel carmona, tanguy nianzou, kike salas, adria pedrosa, djibril sow, lucien agoume, saul ñiguez, dodi lukebakio, isaac romero, peque fernandez"
52,2024-09-21,Real Valladolid,R. Sociedad,"karl hein, lucas rosa, cenk ozkacar, juma bah, luis perez, stanko juric, victor messeguer, raul moro, selim amallah, darwin machis, juanmi latasa","alex remiro, jon aramburu, igor zubeldia, nayef aguerd, sergio gomez, luka sucic, martin zubimendi, beñat turrientes, takefusa kubo, orri oskarsson, sheraldo becker"
53,2024-09-21,Osasuna,Las Palmas,"sergio herrera, abel bretones, enzo boyomo, alejandro catena, jesus areso, lucas torro, bryan zaragoza, aimar oroz, jon moncayola, ruben garcia, ante budimir","jasper cillessen, marvin park, juanma herzog, mika marmol, alex muñoz, sandro ramirez, javi muñoz, dario essugo, kirian rodriguez, alberto moleiro, fabio silva"
54,2024-09-21,Valencia,Girona,"giorgi mamardashvili, jesus vazquez, cristhian mosquera, cesar tarrega, thierry correia, pepelu, enzo barrenechea, luis rioja, javi guerra, diego lopez, dani gomez","paulo gazzaniga, alejandro frances, juanpe, ladislav krejci, daley blind, yaser asprilla, jon solis, oriol romeu, arnaut danjuma, bojan miovski, abel ruiz"
55,2024-09-21,Real Madrid,Espanyol,"thibaut courtois, fran garcia, eder militao, aurelien tchouameni, daniel carvajal, jude bellingham, federico valverde, luka modric, rodrygo, kylian mbappe, arda guler","joan garcia, alvaro tejero, omar el hilali, marash kumbulla, leandro cabrera, carlos romero, jofre carreras, pol lozano, alex kral, walid cheddira, javi puado"
56,2024-09-22,Getafe,Leganés,"david soria, diego rico, omar alderete, juan berrocal, djene, juan iglesias, luis milla, yellu santiago, mauro arambarri, christantus uche, bergut yildirim","marko dmitrovic, jorge saenz, sergio goncalez, matija nastasic, valentin rosier, seydouba cisse, renato tapia, juan cruz, oscar rodriguez, munir el haddadi, miguel de la fuente"
57,2024-09-22,Athletic,Celta,"julen agirrezabala, adama boiro, aitor paredes, dani vivian, oscar de marcos, beñat prados, mikel jauregizar, alex berenguer, oihan sancet, iñaki williams, gorka guruzeta","vicente guaita, javi rodriguez, carl starfelt, jailson, hugo alvarez, hugo sotelo, damian rodriguez, oscar mingueza, iago aspas, anastasios douvikas, jonathan bamba"
58,2024-09-22,Villarreal,Barcelona,"diego conde, sergi cardona, logan costa, eric bailly, kiko femenia, alex baena, dani parejo, santi comesaña, yeremy pino, ayoze perez, nicolas pepe","marc-andre ter stegen, jules kounde, sergi dominguez, iñigo martinez, gerard martin, pablo torre, eric garcia, pedri, lamine yamal, robert lewandowski, raphinha"
59,2024-09-22,Rayo Vallecano,Atlético,"augusto batalla, josep chavarria, abdul mumin, florian lejeune, andrei ratiu, unai lopez, pathe ciss, adrian embarba, isi palazon, jorge de frutos, randy nteka","jan oblak, nahuel molina, cesar azpilicueta, axel witsel, reinildo mandava, samuel lino, marcos llorente, koke, conor gallagher, alexander sorloth, julian alvarez"
60,2024-09-23,Real Betis,Mallorca,"rui silva, ricardo rodriguez, natan, diego llorente, hector bellerin, marc roca, sergi altimira, abde ezzalzouli, giovanni lo celso, chimy avila, vitor roque","dominik greif,antonio sanchez, martin valjent, antonio raillo, johan mojica, omar mascarell, samu costa, robert navarro, dani rodriguez, sergi darder, cyle larin"
61,2024-09-17,Mallorca,R. Sociedad,"leo roman, johan mojica, jose copete, antonio raillo, antonio sanchez, omar mascarell, samu costa, sergi darder, abdon prats, robert navarro, cyle larin","alex remiro, aritz elustondo, igor zubeldia, nayef aguerd, aihen muñoz, martin zubimendi, sergio gomez, beñat turrientes, luka sucic, ander barrenetxea, mikel oyarzabal"
62,2024-09-19,Leganés,Athletic,"juan soriano, enric franquesa, matija nastasic, sergio gonzalez, jorge saenz, valentin rosier, roberto lopez, seydouba cisse, darko brasanac, sebastien haller, miguel de la fuente","julen agirrezabala, andoni gorosabel, dani vivian, unai nuñez, yuri berchiche, iñigo ruiz de galarreta, mikel vesga, nico williams, unai gomez, alex berenguer, alvaro djalo"
63,2024-09-24,Sevilla,Real Valladolid,"orjan nyland, valentin barco, marcao, loic bade, jose angel carmona, saul ñiguez, nemanja gudelj, dodi lukebakio, peque fernandez, jesus navas, kelechi iheanacho","karl hein, luis perez, eray comert, david torres, lucas rosa, mario martin, stanko juric, kike perez, darwin machis, marcos andre, amath ndiaye"
64,2024-09-24,Valencia,Osasuna,"giorgi mamardashvili, jesus vazquez, cristhian mosquera, cesar tarrega, thierry correia, luis rioja, pepelu, enzo barrenechea, diego lopez, dani gomez, andre almeida","sergio herrera, jesus areso, enzo boyomo, jorge herrando, abel bretones, jon moncayola, lucas torro, aimar oroz, ruben peña, raul garcia, moi gomez"
65,2024-09-24,Real Madrid,Alavés,"thibaut courtois, ferland mendy, eder militao, antonio rudiger, lucas vazquez, jude bellingham, aurelien tchouameni, federico valverde, vinicius juinior, kylian mbappe, rodrygo","antonio sivera, santiago mouriño, abdel abqar, moussa diarra, manu sanchez, hugo novoa, carlos protesoni, antonio blanco, tomas conechny, luka romero, asier villalibre"
66,2024-09-25,Girona,Rayo Vallecano,"paulo gazzaniga, miguel gutierrez, daley blind, david lopez, arnau martinez, bryan gil, yangel herrera, ivan martin, viktor tsygankov, abel ruiz, yaser asprilla","augusto batalla, ivan balliu, florian lejeune, abdul mumin, josep chavarria, andrei ratiu, pedro diaz, oscar valentin, adrian embarba, isi palazon, sergio camello"
67,2024-09-25,Barcelona,Getafe,"iñaki peña, alejandro balde, iñigo martinez, pau cubarsi, jules kounde, marc casado, eric garcia, raphinha, pablo torre, lamine yamal, robert lewandowski","david soria, djene, juan berrocal, omar alderete, juan iglesias, luis milla, carles perez, carles aleña, yellu santiago, alex sola, christantus uche"
68,2024-09-26,Espanyol,Villarreal,"joan garcia, brian olivan, leandro cabrera, marash kumbulla, omar el hilali, jofre carreras, pol lozano, alex kral, alvaro tejero, alejo veliz, javi puado","diego conde, kiko femenia, raul albiol, logan costa, sergi cardona, ilias akhomach, santi comesaña, pape gueye, alex baena, ayoze perez, thierno barry"
69,2024-09-26,Las Palmas,Real Betis,"jasper cillessen, daley sinkgraven, alex muñoz, juanma herzog, viti rozada, dario essugo, kirian rodriguez, enzo loiodice, sandro ramirez, alberto moleiro, fabio silva","rui silva, aitor ruibal, diego llorente, natan, romain perraud, johnny cardoso, marc roca, pablo fornals, giovanni lo celso, abde ezzalzouli, assane diao"
70,2024-09-26,Celta,Atlético,"vicente guaita, marcos alonso, carl starfelt, javier manquillo, hugo alvarez, hugo sotelo, fran beltran, sergio carreira, williot swedberg, borja iglesias, iago aspas","jan oblak, nahuel molina, robin le normand, jose maria gimenez, reinildo mandava, marcos llorente, koke, conor gallagher, giuliano simeone, antoine griezmann, alexander sorloth"
71,2024-09-27,Real Valladolid,Mallorca,"karl hein, lucas rosa, david torres, juma bah, luis perez, kike perez, eray comert, mario martin, darwin machis, juanmi latasa, raul moro","leo roman, pablo maffeo, antonio raillo, jose copete, johan mojica, robert navarro, manu morlanes, samu costa, sergi darder, dani rodriguez, cyle larin"
72,2024-09-28,Getafe,Alavés,"david soria, diego rico, omar alderete, juan berrocal, djene, alex sola, luis milla, mauro arambarri, carles perez, bergut yildirim, christantus uche","antonio sivera, nahuel tenaglia, abdel abqar, aleksandar sedlar, moussa diarra, joan jordan, carlos protesoni, carlos vicente, stoichkov, carlos martin, toni martinez"
73,2024-09-28,Rayo Vallecano,Leganés,"augusto batalla, ivan balliu, abdul mumin, florian lejeune, andrei ratiu, pathe ciss, unai lopez, alvaro garcia, james rodriguez, jorge de frutos, sergio camello","marko dmitrovic, valentin rosier, sergio gonzalez, matija nastasic, javier hernandez, seydouba cisse, renato tapia, juan cruz, robert lopez, adria altimira, sebastien haller"
74,2024-09-28,R. Sociedad,Valencia,"alex remiro, javi lopez, nayef aguerd, igor zubeldia, jon aramburu, martin zubimendi, ander barrenetxea, sergio gomez, luka sucic, takefusa kubo, mikel oyarzabal","giorgi mamardashvili, dimitri foulquier, cesar tarrega, cristhian mosquera, jesus vazquez, diego lopez, hugo guillamon, pepelu, luis rioja, javi guerra, hugo duro"
75,2024-09-28,Osasuna,Barcelona,"sergio herrera, juan cruz, enzo boyomo, alejandro catena, jesus areso, aimar oroz, lucas torro, pablo ibañez, bryan zaragoza, ante budimir, ruben garcia","iñaki peña, jules kounde, sergi dominguez, pau cubarsi, gerard martin, pablo torre, eric garcia, pedri, ferran torres, robert lewandowski, pau victor"
76,2024-09-29,Celta,Girona,"vicente guaita, marcos alonso, carlos dominguez, javi rodriguez, oscar mingueza, damian rodriguez, ilaix moriba, sergio carreira, alfon gonzalez, pablo duran, borja iglesias","paulo gazzaniga, alejandro frances, daley blind, ladislav krejci, miguel gutierrez, ivan martin, oriol romeu, viktor tsygankov, yangel herrera, arnaut danjuma, abel ruiz"
77,2024-09-29,Athletic,Sevilla,"julen agirrezabala, iñigo lekue, aitor paredes, unai nuñez, oscar de marcos, mikel vesga, mikel jauregizar, alex berenguer, unai gomez, nico williams, iñaki williams","orjan nyland, jose angel carmona, loic bade, tanguy nianzou, valentin barco, lucien agoume, nemanja gudelj, dodi lukebakio, peque fernandez, chidera ejuke, kelechi iheanacho"
78,2024-09-29,Real Betis,Espanyol,"rui silva, ricardo rodriguez, natan, diego llorente, hector bellerin, marc roca, sergi altimira, abde ezzalzouli, giovanni lo celso, iker losada, cedric bakambu","joan garcia, omar el hilali, sergi gomez, marash kumbulla, carlos romero, jofre carreras, jose gragera, pol lozano, javi puado, alex kral, walid cheddira"
79,2024-09-29,Atlético,Real Madrid,"jan oblak, reinildo mandava, jose maria gimenez, robin le normand, nahuel molina, julian alvarez, conor gallagher, marcos llorente, rodrigo de paul, alexander sorloth, antoine griezmann","thibaut courtois, daniel carvajal, antonio rudiger, eder militao, ferland mendy, federico valverde, luka modric, aurelien tchouameni, jude bellingham, rodrygo, vinicius junior"
80,2024-09-30,Villarreal,Las Palmas,"diego conde, sergi cardona, logan costa, eric bailly, kiko femenia, denis suarez, pape gueye, dani parejo, ilias akhomach, thierno barry, nicolas pepe","dinko horkas, alex suarez, juanma herzog, alex muñoz, benito ramirez, adnan januzaj, dario essugo, kirian rodriguez, alberto moleiro, oliver mcburnie, fabio silva"
81,2024-10-04,Leganés,Valencia,"marko dmitrovic, javier hernandez, sergio gonzalez, jorge saenz, valentin rosier, seydouba cisse, yvan neyou, adria altimira, roberto lopez, juan cruz, sebastien haller","giorgi mamardashvili, dimitri foulquier, cesar tarrega, cristhian mosquera, yarek gasiorowski, thierry correia, sergi canos, pepelu, andre almeida, luis rioja, hugo duro"
82,2024-10-05,Espanyol,Mallorca,"joan garcia, carlos romero, marash kumbulla, sergi gomez, omar el hilali, pol lozano, jose gragera, irvin cardona, alex kral, jofre carreras, alejo veliz","dominik greif, pablo maffeo, antonio raillo, jose copete, johan mojica, robert navarro, omar mascarell, samu costa, sergi darder, dani rodriguez, cyle larin"
83,2024-10-05,Getafe,Osasuna,"david soria, diego rico, omar alderete, juan berrocal, djene, alex sola, luis milla, mauro arambarri, carles perez, christantus uche, bertug yildirim","sergio herrera, jesus areso, alejandro catena, enzo boyomo, abel bretones, pablo ibañez, lucas torro, aimar oroz, ruben garcia, ante budimir, bryan zaragoza"
84,2024-10-05,Las Palmas,Celta,"dinko horkas, alex muñoz, juanma herzog, alex suarez, viti rozada, dario essugo, javi muñoz, alberto moleiro, fabio silva, adnan januzag, oliver mcburnie","vicente guaita, javier manquillo, carl starfelt, marcos alonso, oscar mingueza, fran beltran, ilaix moriba, hugo alvarez, iago aspas, borja iglesias, williot swedberg"
85,2024-10-05,Real Valladolid,Rayo Vallecano,"karl hein, lucas rosa, david torres, juma bah, luis perez, selim amallah, eray comert, mario martin, darwin machis, juanmi latasa, amath ndiaye","augusto batalla, andrei ratiu, florian lejeune, abdul mumin, ivan balliu, jorge de frutos, oscar valentin, unai lopez, adrian embarba, isi palazon, sergio camello"
86,2024-10-05,Real Madrid,Villarreal,"andriy lunin, ferland mendy, antonio rudiger, aurelien tchouameni, daniel carvajal, jude bellingham, eduardo camavinga, federico valverde, luka modric, vinicius junior, kylian mbappe","diego conde, kiko femenia, raul albiol, logan costa, sergi cardona, santi comesaña, dani parejo, pape gueye, nicolas pepe, thierno barry, alex baena"
87,2024-10-06,Girona,Athletic,"paulo gazzaniga, miguel gutierrez, ladislav krejci, david lopez, arnau martinez, yangel herrera, ivan martin, arnaut danjuma, donny van de beek, yaser asprilla, abel ruiz","alex padilla, oscar de marcos, dani vivian, aitor paredes, adama boiro, oihan sancet, iñigo ruiz de galarreta, ander herrera, iñaki williams, gorka guruzeta, alex berenguer"
88,2024-10-06,Alavés,Barcelona,"antonio sivera, manu sanchez, santiago mouriño, abdel abqar, nahuel tenaglia, antonio blanco, ander guevara, abde rebbach, stoichkov, carlos vicente, toni martinez","iñaki peña, hector fort, pau cubarsi, iñigo martinez, alejandro balde, marc casado, pedri, lamine yamal, raphinha, ferran torres, robert lewandowski"
89,2024-10-06,Sevilla,Real Betis,"orjan nyland, adria pedrosa, tanguy nianzou, loic bade, jose angel carmona, nemanja gudelj, lucien agoume, chidera ejuke, peque fernandez, dodi lukebakio, isaac romero","rui silva, hector bellerin, diego llorente, natan, ricardo rodriguez, johnny cardoso, marc roca, pablo fornals, giovanni lo celso, abde ezzalzouli, vitor roque"
90,2024-10-06,R. Sociedad,Atlético,"alex remiro, javi lopez, nayef aguerd, igor zubeldia, jon aramburu, martin zubimendi, sheraldo becker, sergio gomez, luka sucic, takefusa kubo, mikel oyarzabal","jan oblak, nahuel molina, axel witsel, jose maria gimenez, clement lenglet, javi galan, pablo barrios, koke, conor gallagher, antoine griezmann, julian alvarez"
91,2024-10-18,Alavés,Real Valladolid,"antonio sivera, manu sanchez, moussa diarra, abdel abqar, nahuel tenaglia, ander guevara, antonio blanco, tomas conechny, jon guridi, carlos vicente, toni martinez","karl hein, luis perez, javi sanchez, david torres, raul chasco, raul moro, eray comert, mario martin, anuar, selim amallah, mamadou sylla"
92,2024-10-19,Athletic,Espanyol,"julen agirrezabala, yuri berchiche, unai nuñez, dani vivian, oscar de marcos, mikel jauregizar, iñigo ruiz de galarreta, nico williams, alex berenguer, iñaki williams, gorka guruzeta","joan garcia, omar el hilali, sergi gomez, marash kumbulla, brian olivan, jose gragera, pol lozano, jofre carreras, alex kral, carlos romero, alejo veliz"
93,2024-10-19,Osasuna,Real Betis,"sergio herrera, abel bretones, enzo boyomo, alejandro catena, jesus areso, aimar oroz, lucas torro, pablo ibañez, bryan zaragoza, ante budimir, ruben garcia","rui silva, hector bellerin, marc bartra, diego llorente, romain perraud, aitor ruibal, johnny cardoso, sergi altimira, pablo fornals, cedric bakambu, vitor roque"
94,2024-10-19,Girona,R. Sociedad,"paulo gazzaniga, ladislav krejci, david lopez, alejandro frances, ivan martin, miguel gutierrez, yangel herrera, dony van de beek, arnau martinez, arnaut danjuma, bojan miovski","alex remiro, jon aramburu, igor zubeldia, nayef aguerd, sergio gomez, martin zubimendi, mikel oyarzabal, luka sucic, brais mendez, ander barrenetxea, orri oskarsson"
95,2024-10-19,Celta,Real Madrid,"vicente guaita, marcos alonso, carl stargelt, javier manquillo, hugo alvarez, hugo sotelo, fran beltran, oscar mingueza, williot swedberg, borja iglesias, jonathan bamba","thibaut courtois, eder militao, aurelien tchouameni, antonio rudiger, lucas vazquez, federico valverde, eduardo camavinga, fran garcia, jude bellingham, vinicius junior, kylian mbape"
96,2024-10-20,Mallorca,Rayo Vallecano,"domink greif, johan mojica, antonio raillo, martin valjent, pablo maffeo, sergi darder, samu costa, manu morlanes, robert navarro, cyle larin, vedat muriqi","augusto batalla, andrei ratiu, florian lejeune, abdul mumin, ivan balliu, jorge de frutos, unai lopez, gerard gumbau, alvaro garcia, sergio camello, isi palazon"
97,2024-10-20,Atlético,Leganés,"jan oblak, javi galan, clement lenglet, axel witsel, nahuel molina, rodrigo riquelme, koke, pablo barrios, antoine griezmann, angel correa, alexander sorloth","marko dmitrovic, valentin rosier, sergio gonzalez, matija nastasic, javier hernandez, juan cruz, yvan neyou, renato tapia, seydouba cisse, dani raba, miguel de la fuente"
98,2024-10-20,Villarreal,Getafe,"diego conde, sergi cardona, eric bailly, raul albiol, kiko femenia, dani parejo, santi comesaña, alex baena, pape gueye, ilias akhomach, thierno barry","david soria, uan iglesias, djene, omar alderete, diego rico, carles perez, mauro arambarri, luis milla, alex sola, bertug yildirim, christantus uche"
99,2024-10-20,Barcelona,Sevilla,"iñaki peña, alejandro balde, iñigo martinez, pau cubarsi, jules kounde, pedri, marc casado, ansu fati, raphinha, lamine yamal, robert lewandowski","orjan nyland, jose angel carmona, loic bade, marcao, adria pedrosa, lucien agoume, nemanja gudelj, dodi lukebakio, peque fernandez, chidera ejuke, isaac romero"
100,2024-10-21,Valencia,Las Palmas,"giorgi mamardashvili, rorigo abajas, cristhian mosquera, cesar tarrega, thierry correia, luis rioja, pepelu, enzo barrenechea, sergi canos, hugo duro, dani gomez","jasper cillessen, viti rozada, alex suarez, scott mckenna, alex muñoz, dario essugo, jose campaña, adnan januzaj, kirian rodriguez, alberto moleiro, fabio silva"
101,2024-10-25,Espanyol,Sevilla,"joan garcia, brian olivan, leandro cabrera, marash kumbulla, omar el hilali, jofre carreras, pol lozano, alex kral, alvaro tejero, walid cheddira, javi puado","orjan nyland, jose angel carmona, loic bade, tanguy nianzou, adria pedrosa, nemanja gudelj, albert sambi lokonga, dodi lukebakio, juanlu sanchez, stanis idumbo, isaac romero"
102,2024-10-26,Real Valladolid,Villarreal,"karl hein, lucas rosa, david torres, javi sanchez, luis perez, eray comert, mario martin, raul moro, selim amallah, anuar, mamadou sylla","diego conde, kiko femenia, raul albiol, logan costa, sergi cardona, ilias akhomach, santi comesaña, dani parejo, alex baena, nicolas pepe, thierno barry"
103,2024-10-26,Rayo Vallecano,Alavés,"augusto batalla, josep chavarria, abdul mumin, florian lejeune, andrei ratiu, alvaro garcia, unai lopez, oscar valentin, jorge de frutos, sergio camello, isi palazon","antonio sivera, santiago mouriño, nahuel tenaglia, adrian pica, moussa diarra, manu sanchez, carlos vicente, jon guridi, ander guevara, carlos martin, toni martinez"
104,2024-10-26,Las Palmas,Girona,"jasper cillessen, alex muñoz, scott mckenna, alex suarez, viti rozada, jose campaña, dario essugo, alberto moleiro, kirian rodriguez, manu fuster, fabio silva","paulo gazzaniga, alejandro frances, david lopez, lucas krejci, miguel gutierrez, arnau martinez, dony van de beek, selvi clua, arnaut danjuma, gabriel misehouy, bojan miovski"
105,2024-10-26,Real Madrid,Barcelona,"andriy lunin, ferland mendy, antonio rudiger, eder militao, lucas vazquez, eduardo camavinga, aurelien tchouameni, federico valverde, jude bellingham, vinicius junior, kylian mbappe","iñaki peña, jules kounde, pau cubarsi, iñigo martinez, alejandro balde, marc casado, pedri, lamine yamal, fermin lopez, raphinha, robert lewandowski"
106,2024-10-27,Leganés,Celta,"marko dmitrovic, renato tapia, matija nastasic, jorge saenz, enric franquesa, yvan neyou, seydouba cisse, adria altimira, diego garcia, dani raba, sebastien haller","vicente guaita, javier manquillo, carl starfelt, marcos alonso, oscar mingueza, hugo sotelo, ilaix moriba, hugo alvarez, iago aspas, borja iglesias, jonathan bamba"
107,2024-10-27,Getafe,Valencia,"david soria, diego rico, omar alderete, djene, juan iglesias, alex sola, luis milla, mauro arambarri, carles perez, bertug yildirim, alvaro rodriguez","giorgi mamardashvili, thierry correia, cesar tarrega, cristhian mosquera, maximiliano caufriez, jose luis gaya, diego lopez, enzo barrenechea, javi guerra, luis rioja, hugo duro"
108,2024-10-27,Real Betis,Atlético,"rui silva, romain perraud, diego llorente, marc bartra, aitor ruibal, abde ezzalzouli, sergi altimira, johnny cardoso, pablo fornals, chimy avila, vitor roque","jan oblak, nahuel molina, axel witsel, jose maria gimenez, reinildo mandava, rodrigo de paul, koke, conor gallagher, samuel lino, antoine griezmann, julian alvarez"
109,2024-10-27,R. Sociedad,Osasuna,"alex remiro, sergio gomez, nayef aguerd, igor zubeldia, jon aramburu, martin zubimendi, ander barrenetxea, luka sucic, brais mendez, mikel oyarzabal, orri oskarsson","sergio herrera, jesus areso, alejandor catena, enzo boyomo, juan cruz, jon moncayola, lucas torro, aimar oroz, ruben peña, ante budimir, bryan zaragoza"
110,2024-10-28,Mallorca,Athletic,"dominik greif, johan mojica, antono raillo, martin valjent, pablo maffeo, sergi darder, samu costa, manu morlanes, robert navarro, cyle larin, vedat muriqi","julen agirrezabala, andoni gorosabel, yeray alvarez, aitor paredes, yuri berchiche, iñigo ruiz de galarreta, mikel jauregizar, iñaki williams, oihan sancet, nico williams, gorka guruzeta"
111,2024-11-01,Alavés,Mallorca,"antonio sivera, manu sanchez, adrian pica, abdel abqar, nahuel tenaglia, carlos protesoni, antonio blanco, abde rebbach, jon guridi, carlos vicente, kike garcia","leo roman, pablo maffeo, antonio raillo, jose copete, toni lato,omar mascarell, manu morlanes, robert navarro, dani rodriguez, chiquinho, cyle larin"
112,2024-11-02,Osasuna,Real Valladolid,"sergio herrera, juan cruz, enzo boyomo, alejandro catena, jesus areso, aimar oroz, lucas torro, jon moncayola, bryan zaragoza, ante budimir, ruben peña","karl hein, luis perez, javi sanchez, david torres, lucas rosa, mario martin, eray comert, sanuar, selim amallah, raul moro, mamadou sylla"
113,2024-11-02,Girona,Leganés,"paulo gazzaniga, daley blind, david lopez, juanpe, miguel gutierrez, selvi clua, yangel herrera, arnau martinez, dony van de beek, bryan gil, bojan miovski","marko dmitrovic, adria altimira, sergio gonzalez, matija nastasic, enric franquesa, seydouba cisse, yvan neyou, renato tapia, darko brasanac, juan cruz, miguel de la fuente"
114,2024-11-03,Atlético,Las Palmas,"jan oblak, javi galan, clement lenglet, jose maria gimenez, nahuel molina, samuel lino, pablo barrios, koke, giuliano simeone, julian alvarez, antoine griezmann","jasper cillessen, viti rozada, alex suarez, scott mckenna, alex muñoz, kirian rodriguez, dario essugo, jose campaña, sandro ramirez, fabio silva, alberto moleiro"
115,2024-11-03,Barcelona,Espanyol,"iñaki peña, alejandro balde, iñigo martinez, pau cubarsi, hector fort, pedri, marc casado, raphinha, dani olmo, lamine yamal, robert lewandowski","joan garcia, omar el hilali, marash kumbulla, leandro cabrera, carlos romero, rafael bauza, alvaro tejero, alex kral, alvaro aguado, jofre carreras, javi puado"
116,2024-11-03,Sevilla,R. Sociedad,"alvaro fernandez, adria pedrosa, kike salas, marcao, jose angel carmona, albert sambi lokonga, nemanja gudelj, stanis idumbo, juanlu sanchez, dodi lukebakio, isaac romero","alex remiro, jon aramburu, igor zubeldia, nayef aguerd, javi lopez, martin zubimendi, takefusa kubo, brais mendez, luka sucic, sergio gomez, mikel oyarzabal"
117,2024-11-03,Athletic,Real Betis,"julen agirrezabala, yuri berchiche, aitor paredes, dani vivian, oscar de marcos, beñat prados, iñigo ruiz de galarreta, nico williams, oihan sancet, iñaki williams, alvaro djalo","rui silva, hector bellerin, marc bartra, diego llorente, romain perraud, pablo fornals, sergi altimira, johnny cardoso, abde ezzalzouli, vitor roque, chimy avila"
118,2024-11-04,Celta,Getafe,"vicente guaita, marcos alonso, carl starfelt, javier manquillo, mihailo ristic, fran beltran, hugo sotelo, oscar mingueza, jonathan bamba, anastasios douvikas, iago aspas","david soria, allan nyom, djene, omar alderete, diego rico, nabil aberdin, luis milla, carles perez, mauro arambarri, alex sola, christantus uche"
119,2024-12-18,Villarreal,Rayo Vallecano,"luiz junior, sergi cardona, logan costa, willy kambwala, pau navarro, denis suarez, santi comesaña, pape gueye, yeremy pino, ayoze perez, thierno barry","augusto batalla, ivan balliu, florian lejeune, abdul mumin, alfonso espino, oscar valentin, pedro diaz, jorge de frutos, oscar trejo, alvaro garcia, sergio camello"
120,2025-01-03,Valencia,Real Madrid,"stole dimitrievski, yarek gasiorowski, cristhian mosquera, cesar tarrega, dimitri foulquier, luis rioja, enzo barrenechea, javi guerra, diego lopez, hugo duro, andre almeida","thibaut courtois, lucas vazquez, aurelien tchouameni, antonio rudiger, ferland mendy, dani ceballos, federico valverde, rodrygo, jude bellingham, vinicius junior, kylian mbappe"
121,2024-11-08,Rayo Vallecano,Las Palmas,"augusto batalla, josep chavarria, florian lejeune, aridane hernandez, andrei ratiu, alvaro garcia, gerard gumbau, oscar valentin, jorge de frutos, sergio camello, isi palazon","jasper cillessen, viti rozada, alex suarez, scott mckenna, alex muñoz, javi muñoz, kirian rodriguez, dario essugo, sandro ramirez, fabio silva, alberto moleiro"
122,2024-11-09,Real Madrid,Osasuna,"andriy lunin, fran garcia, antonio rudiger, eder militao, lucas vazquez, jude bellingham, eduardo camavinga, federico valverde, vinicius junior, kylian mbappe, rodrygo","sergio herrera, jesus areso, alejandro catena, enzo boyomo, abel bretones, jon moncayola, lucas torro, aimar oroz, ruben peña, ante budimir, bryan zaragoza"
123,2024-11-09,Villarreal,Alavés,"diego conde, sergi cardona, logan costa, raul albiol, kiko femenia, alex baena, dani parejo, pape gueye, ilias akhomach, ayoze perez, nicolas pepe","antonio sivera, nahuel tenaglia, abdel abqar, adrian pica, manu sanchez, ander guevara, antonio blanco, carlos vicente, jon guridi, abde rebbach, kike garcia"
124,2024-11-09,Leganés,Sevilla,"marko dmitrovic, enric franquesa, matija nastasic, sergio gonzalez, adria altimira, seydouba cisse, renato tapia, munir el haddadi, darko brasanac, juan cruz, miguel de la fuente","alvaro fernandez, jose angel carmona, nemanja gudelj, kike salas, adria perdosa, djibril sow, lucien agoume, albert sambi lokonga, dodi lukebakio, isaac romero, kelechi iheanacho"
125,2024-11-10,Real Betis,Celta,"rui silva, romain perraud, natan, diego llorente, youssouf sabaly, abde ezzalzouli, johnny cardoso, sergi altimira, pablo fornals, iker losada, vitor roque","vicente guaita, javi rodriguez, carl starfelt, marcos alonso, oscar mingueza, hugo sotelo, fran beltran, mihailo ristic, jonathan bamba, iago aspas, borja iglesias"
126,2024-11-10,Mallorca,Atlético,"dominik greif, johan mojica, antonio raillo, martin valjent, pablo maffeo, sergi darder, samu costa, manu morlanes, robert navarro, vedat muriqi, cyle larin","jan oblak, nahuel molina, jose maria gimenez, clement lenglet, reinildo mandava, giuliano simeone, pablo barrios, koke, rodrigo riquelme, antoine griezmann, julian alvarez"
127,2024-11-10,Getafe,Girona,"david soria, diego rico, omar alderte, domingos duarte, juan iglesias, mauro arambarri, yellu santiago, carles perez, luis milla, allan nyom, christantus uche","paulo gazzaniga, arnau martinez, juanpe, david lopez, daley blind, yangel herrera, oriol romeu, bryan gil, donny van de beek, miguel gutierrez, bojan miovski"
128,2024-11-10,Real Valladolid,Athletic,"karl hein, lucas rosa, david torres, javi sanchez, juma bah, luis perez, anuar, kike perez, stanko juric, raul moro, mamadou sylla","julen agirrezabala, oscar de marcos, yeray alvarez, aitor paredes, adama boiro, mikel jauregizar, beñat prados, nico serrano, unai gomez, nico williams, alex berenguer"
129,2024-11-10,R. Sociedad,Barcelona,"alex remiro, aihen muñoz, nayef aguerd, igor zubeldia, jon aramburu, martin zubimendi, sheraldo becker, luka sucic, brais mendez, takefusa kubo, mikel oyarzabal","iñaki peña, jules kounde, pau cubarsi, iñigo martinez, alejandro balde, marc casado, frenkie de jong, fermin lopez, pedri, raphinha, robert lewandowski"
130,2024-12-18,Espanyol,Valencia,"joan garcia, brian olivan, leandro cabrera, marash kumbulla, omar el hilali, jofre carreras, alex kral, justin smith, antoniu roca, javi puado, walid cheddira","stole dimitrievski, dimitri foulquier, cesar tarrega, cristhian mosquera, luis rioja, enzo barrenechea, pepelu, fran perez, andre almeida, diego lopez, dani gomez"
131,2024-11-22,Getafe,Real Valladolid,"david soria, diego rico, omar alderete, djene, allan nyom, carles perez, luis milla, mauro arambarri, alex sola, christantus uche, bertug yildirim","karl hein, luis perez, juma bah, javi sanchez, cenk ozkacar, lucas rosa, raul moro, stanko juric, kike perez, anuar, mamadou sylla"
132,2024-11-23,Valencia,Real Betis,"giorgi mamardashvili, jose luis gaya, yarek gasiorowski, cristhian mosquera, cesar tarrega, dimitri foulquier, diego lopez, javi guerra, enzo barrenechea, luis rioja, hugo duro","rui silva, youssouf sabaly, marc bartra, natan, romain perraud, sergi altimira, carlos guirao, aitor ruibal, iker losada, abde ezzalzouli, vitor roque"
133,2024-11-23,Atlético,Alavés,"jan oblak, javi galan, clement lenglet, axel witsel, cesar azpilicueta, samuel lino, koke, pablo barrios, marcos llorente, antoine griezmann, angel correa","antonio sivera, nahuel tenaglia, abdel abqar, santiago mouriño, manu sanchez, ander guevara, antonio blanco, carlos vicente, jon guridi, carlos martin, kike garcia"
134,2024-11-23,Girona,Espanyol,"paulo gazzaniga, daley blind, ladislav krejci, david lopez, arnau martinez, miguel gutierrez, oriol romeu, bryan gil, donny van de beek, yaser asprilla, bojan miovski","joan garcia, alvaro tejero, omar el hilali, sergi gomez, leandro cabrera, carlos romero, jofre carreras, rafael bauza, alex kral, javi puado, alejo veliz"
135,2024-11-23,Las Palmas,Mallorca,"jasper cillessen, alex muñoz, scott mckenna, alex suarez, viti rozada, jose campaña, dario essugo, manu fuster, kirian rodriguez, sandro ramirez, fabio silva","dominik greif, mateu morey, martin valjent, antonio raillo, johan mojica, robert navarro, manu morlanes, samu costa, sergi darder, dani rodriguez, vedat muriqi"
136,2024-11-23,Celta,Barcelona,"vicente guaita, oscar mingueza, marcos alonso, carlt starfelt, javi rodriguez, jonathan bamba, ilaix moriba, fran beltran, hugo alvarez, anastasios douvikas, iago aspas","iñaki peña, jules kounde, pau cubarsi, iñigo martinez, gerard martin, pedri, marc casado, raphinha, gavi, dani olmo, robert lewandowski"
137,2024-11-24,Osasuna,Villarreal,"sergio herrera, juan cruz, enzo boyomo, alejandro catena, jesus areso, aimar oroz, lucas torro, jon moncayola, bryan zaragoza, ante budimir, ruben garcia","diego conde, pau navarro, raul albiol, logan costa, sergi cardona, yeremy pino, dani parejo, santi comesaña, alex baena, thierno barry, ramon terrats"
138,2024-11-24,Sevilla,Rayo Vallecano,"alvaro fernandez, adria pedrosa, kike salas, loic bade, jose angel carmona, albert sambi lokonga, nemanja gudelj, peque fernandez, djibril sow, dodi lukebakio, isaac romero","augusto batalla, andrei ratiu, florian lejeune, abdul mumin, josep chavarria, gerard gumbau, oscar valentin, unai lopez, jorge de frutos, randy nteka, alvaro garcia"
139,2024-11-24,Leganés,Real Madrid,"marko dmitrovic, javier hernandez, matija nastasic, sergio gonzalez, juan cruz, yvan neyou, renato tapia, adria altimira, munir el haddadi, darko brasanac, miguel de la fuente","thibaut courtois, federico valverde, raul asencio, antonio rudiger, fran garcia, arda guler, eduardo camavinga, dani ceballos, jude bellingham, vinicius junior, kylian mbappe"
140,2024-11-24,Athletic,R. Sociedad,"julen agirrezabala, yuri berchiche, yeray alvarez, dani vivian, oscar de marcos, beñat prados, iñigo ruiz de galarreta, nico williams, oihan sancet, iñaki williams, alvaro djalo","alex remiro, jon aramburu, igor zubeldia, nayef aguerd, javi lopez, martin zubimendi, takefusa kubo, sergio gomez, luka sucic, ander barrenetxea, mikel oyarzabal"
141,2024-11-29,Mallorca,Valencia,"dominik greif, johan mojica, antonio raillo, martin valjent, mate morey, samu costa, manu morlanes, sergi darder, dani rodriguez, robert navarro, cyle larin","giorgi mamardashvili, dimitri foulquier, cesar tarrega, cristhian mosquera, yarek gasiorowski, jose luis gaya, luis rioja, enzo barrenechea, javi guerra, diego lopez, hugo duro"
142,2024-11-30,Barcelona,Las Palmas,"iñaki peña, alejandro balde, iñigo martinez, pau cubarsi, jules kounde, pedri, gavi, pablo torre, fermin lopez, raphinha, robert lewandowski","jasper cillessen, viti rozada, alex suarez, scott mckenna, mika marmol, kirian rodriguez, jose campaña, sandro ramirez, javi muñoz, alberto moleiro, fabio silva"
143,2024-11-30,Alavés,Leganés,"antonio sivera, moussa diarra, santiago mouriño, abdel abqar, nahuel tangalia, jon guridi, antonio blanco, ander guevara, carlos martin, kike garcia, carlos vicente","marko dmitrovic, valntin rosier, sergio gonzalez, matija nastasic, javier hernandez, renato tapia, yvan neyou, dani raba, oscar rodriguez, juan cruz, dani garcia"
144,2024-11-30,Espanyol,Celta,"joan garcia, brian olivan, leandro cabrera, marash kumbulla, omar el hilali, pol lozano, javi puado, alex kral, justin smith, jofre carreras, irvin cardona","vicente guaita, javi rodriguez, carl starfelt, marcos alonso, jonathan bamba, oscar mingueza, damian rodriguez, ilaix moriba, hugo alvarez, iago aspas, anastasios douvikas"
145,2024-11-30,Real Valladolid,Atlético,"karl hein, lucas rosa, javi sanchez, eray comert, juma bah, luis perez, raul moro, kike perez, selim amallah, ivan sanchez, mamadou sylla","jan oblak, marcos llorente, jose maria gimenez, clement lenglet, javi galan, giuliano simeone, rodrigo de paul, pablo barrios, conor gallagher, antoine griezmann, julian alvarez"
146,2024-12-01,Villarreal,Girona,"diego conde, sergi cardona, logan costa, raul albiol, kiko femenia, alex baena, dani parejo, santi comesaña, yeremy pino, thierno barry, pape gueye","paulo gazzaniga, arnau martinez, david lopez, ladislav krejci, miguel gutierrez, ivan martin, oriol romeu, bryan gil, donny van de beek, arnaut danjuma, bojan miovski"
147,2024-12-01,Real Madrid,Getafe,"thibaut courtois, fran garcia, antonio rudiger, raul asencio, lucas vazquez, jude bellingham, dani ceballos, federico valverde, kylian mbappe, rodrygo, brahim diaz","david soria, juan iglesias, domingos duarte, juan berrocal, diego rico, allan nyom, luis milla, omar alderete, carles perez, mauro arambarri, alvaro rodriguez"
148,2024-12-01,Rayo Vallecano,Athletic,"augusto batalla, josep chavarria, abdul mumin, florian lejeune, andrei ratiu, alvaro garcia, oscar valentin, pathe ciss, isi palazon, adrian embarba, randy nteka","julen agirrezabala, iñigo lekue, yeray alvarez, aitor paredes, yuri berchiche, iñigo ruiz de galarreta, mikel jauregizar, iñaki williams, alex berenguer, nico williams, gorka guruzeta"
149,2024-12-01,R. Sociedad,Real Betis,"alex remiro, aihen muñoz, nayef aguerd, igor zubeldia, jon aramburu, beñat turrientes, martin zubimendi, brais mendez, ander barrenetxea, mikel oyarzabal, takefusa kubo","rui silva, youssouf sabaly, marc bartra, diego llorente, romain perraud, carlos guirao, sergi altimira, jesus rodriguez, giovanni lo celso, abde ezzalzouli, vitor roque"
150,2024-12-02,Sevilla,Osasuna,"alvaro fernandez, adria pedrosa, kike salas, loic bade, jose angel carmona, albert sambi lokonga, nemanja gudelj, djibril sow, peque fernandez, isaac romero, dodi lukebakio","sergio herrera, jesus areso, alejandro catena, enzo boyomo, juan cruz, jon moncayola, iker muñoz, aimar oroz, ruben garcia, ante budimir, bryan zaragoza"
151,2024-12-06,Celta,Mallorca,"vicente guaita, marcos alonso, carl starfelt, javi rodriguez, hugo alvarez, ilaix moriba, fran beltran, oscar mingueza, williot swedberg, borja iglesias, fer lopez","dominik greif, mateu morey, martin valjent, antonio raillo, siebe van der heyden, omar mascarell, samu costa, robert navarro, dani rodriguez, javi llabres, cyle larin"
152,2024-12-07,Las Palmas,Real Valladolid,"jasper cillessen, mika marmol, scott mckenna, alex suarez, viti rozada, kirian rodriguez, dario essugo, alberto moleiro, javi muñoz, sandro ramirez, fabio silva","karl hein, luis perez, eray comert, javi sanchez, lucas rosa, stanko juric, ivan sanchez, mario martin, kike perez, mamadou sylla, marcos andre"
153,2024-12-07,Real Betis,Barcelona,"francisco vieites, romain perraud, diego llorente, marc bartra, youssouf sabaly, sergi altimira, mateo flores, abde ezzalzouli, giovanni lo celso, chimy avila, vitor roque","iñaki peña, jules kounde, pau cubarsi, iñigo martinez, alejandro balde, pedri, marc casado, dani olmo, lamine yamal, robert lewandowski, raphinha"
154,2024-12-07,Valencia,Rayo Vallecano,"giorgi mamardashvili, jose luis gaya, yarek gasiorowski, cristhian mosquera, cesar tarrega, diego lopez, german valera, javi guerra, enzo barrenechea, luis rioja, hugo duro","augusto batalla, andrei ratiu, florian lejeune, abdul mumin, josep chavarria, pathe ciss, oscar valentin, jorge de frutos, isi palazon, alvaro garcia, randy nteka"
155,2024-12-07,Girona,Real Madrid,"paulo gazzaniga, miguel gutierrez, ladislav krejci, david lopez, arnau martinez, oriol romeu, ivan martin, bryan gil, donny van de beek, yaser asprilla, bojan miovski","thibaut courtois, lucas vaquez, aurelien tchouameni, antonio rudiger, ferland mendy, federico valverde, luka modric, arda guler, jude bellingham, brahim diaz, kylian mbappe"
156,2024-12-08,Leganés,R. Sociedad,"marko dmitrovic, javier hernandez, matija nastasic, sergio gonzalez, valentin rosier, yvan neyou, renato tapia, seydouba cisse, oscar rodriguez, diego garcia, miguel de la fuente","alex remiro, jon aramburu, igor zubeldia, nayef aguerd, aihen muñoz, martin zubimendi, takefusa kubo, brais mendez, luka sucic, sergio gomez, mikel oyarzabal"
157,2024-12-08,Athletic,Villarreal,"julen agirrezabala, yuri berchiche, aitor paredes, dani vivian, oscar de marcos, beñat prados, iñigo ruiz de galarreta, alex berenguer, oihan sancet, iñaki williams, gorka guruzeta","diego conde, kiko femenia, raul albiol, logan costa, juan bernat, yeremy pino, santi comesaña, dani parejo, alex baena, pape gueye, thierno barry"
158,2024-12-08,Osasuna,Alavés,"sergio herrera, juan cruz, enzo boyomo, alejandro catena, jesus areso, lucas torro, jon moncayola, abel bretones, aimar oroz, ruben garcia, ante budimir","antonio sivera, nahuel tenaglia, abdel abqar, santiago mouriño, moussa diarra, carlos vicente, joan jordan, antonio blanco, carlos martin, jon guridi, kike garcia"
159,2024-12-08,Atlético,Sevilla,"jan oblak, javi galan, clement lenglet, jose maria gimenez, marcos llorente, conor gallagher, pablo barrios, rodrigo de paul, giuliano simeone, julian alvarez, antoine griezmann","alvaro fernandez, jose angel carmona, loic bade, nemanja gudelj, kike salas, juanlu sanchez, lucien agoume, djibril sow, dodi lukebakio, isaac romero, peque fernandez"
160,2024-12-09,Getafe,Espanyol,"david soria, diego rico, omar alderete, djene, juan iglesias, coba da costa, luis milla, mauro arambarri, allan nyom, alvaro rodriguez, christantus uche","joan garcia, omar el hilali, sergi gomez, leandro cabrera, brian olivan, pol lozano, jofre carreras, alex kral, justin smith, javi puado, irvin cardona"
